link,category,label,address
https://tonviewer.com/EQCj22Hf6cbLcmWuvU3EhDEvRW6tFEH7ts_LFbbZzNyJ9YG_,CEX,wallet_in_telegram,EQCj22Hf6cbLcmWuvU3EhDEvRW6tFEH7ts_LFbbZzNyJ9YG_
https://tonviewer.com/EQBMunNB4UlTyogGUjHTLR3vYUKuJbHUxh0-b5nQHmd6RP57,CEX,wallet_in_telegram,EQBMunNB4UlTyogGUjHTLR3vYUKuJbHUxh0-b5nQHmd6RP57
https://tonviewer.com/EQDucGxDQdjRQ7LG6cmsteM5sSq0K6uGn0fKl3VrCGlJ74GY,CEX,wallet_in_telegram,EQDucGxDQdjRQ7LG6cmsteM5sSq0K6uGn0fKl3VrCGlJ74GY
https://tonviewer.com/EQBYLl3J6XKqTGCUR1i7pmWdPVyGokGROY4PuMAjr1UzdKVm,CEX,wallet_in_telegram,EQBYLl3J6XKqTGCUR1i7pmWdPVyGokGROY4PuMAjr1UzdKVm
https://tonviewer.com/EQBkKkBXXPyAtM9EFvirAVVXiNidK87hOi4E7v5CcVy83JI-,CEX,wallet_in_telegram,EQBkKkBXXPyAtM9EFvirAVVXiNidK87hOi4E7v5CcVy83JI-
https://tonviewer.com/EQBZ_klWkNTSU5HYPgMMDM8PXPk2wpa8qISXVtJ2Skd1J18V,CEX,pocketbroker,EQBZ_klWkNTSU5HYPgMMDM8PXPk2wpa8qISXVtJ2Skd1J18V
https://tonviewer.com/EQCNQvXY8EYtFUGpiujfDhXrlEtvx136qWOOQebCcK91TCkH,CEX,bit2me,EQCNQvXY8EYtFUGpiujfDhXrlEtvx136qWOOQebCcK91TCkH
https://tonviewer.com/EQBYLZeiMv6nI46mRMkDe2Z70g1tMPGkXEwkVNwysLVrKk5r,CEX,bit2me,EQBYLZeiMv6nI46mRMkDe2Z70g1tMPGkXEwkVNwysLVrKk5r
https://tonviewer.com/EQA0Eout8-CBVUkbIhRLDDlnhUexfaRJrCC-NLXg6ukW_2Y7,CEX,metka,EQA0Eout8-CBVUkbIhRLDDlnhUexfaRJrCC-NLXg6ukW_2Y7
https://tonviewer.com/EQDBqRLTLDTU7e2rbdwQJ3w76PWu2Kyt0SjiTB4g-DaCV3QM,CEX,cwallet,EQDBqRLTLDTU7e2rbdwQJ3w76PWu2Kyt0SjiTB4g-DaCV3QM
https://tonviewer.com/EQA00C9oip9TkHbFdYgYGi149vhFPfdZyxYuWmHo6dD1mkGd,CEX,bitpin,EQA00C9oip9TkHbFdYgYGi149vhFPfdZyxYuWmHo6dD1mkGd
https://tonviewer.com/EQCXMfLHqUFFft1Yb2o2ax862iofNPnF_l4U2JByM-nRKOsH,CEX,bitpin,EQCXMfLHqUFFft1Yb2o2ax862iofNPnF_l4U2JByM-nRKOsH
https://tonviewer.com/EQDshc_H_RAJNi5CG1oBQfUQ1lQBB6tz54Kf2h756Xp14_Cv,CEX,crypto_bot,EQDshc_H_RAJNi5CG1oBQfUQ1lQBB6tz54Kf2h756Xp14_Cv
https://tonviewer.com/EQBWkbsW1BXzwRoLKGRBXGBesPEqF0Vsqbvt_OUQCKryudoR,CEX,crypto_bot,EQBWkbsW1BXzwRoLKGRBXGBesPEqF0Vsqbvt_OUQCKryudoR
https://tonviewer.com/EQBdnCIFZhzSZVL-F96KEsruzUWfBlPHYCh_WBig95WoSuNE,CEX,kraken,EQBdnCIFZhzSZVL-F96KEsruzUWfBlPHYCh_WBig95WoSuNE
https://tonviewer.com/EQAkKBTk1NuRH9wuy5qJFesfCoZMvZXa2NV9mCet3t3ndwkH,CEX,bitget,EQAkKBTk1NuRH9wuy5qJFesfCoZMvZXa2NV9mCet3t3ndwkH
https://tonviewer.com/EQCnRoi95R9jLVrPONxTWEMMCuIlHBsYZjYZW5JwtoecbRl6,CEX,bitget,EQCnRoi95R9jLVrPONxTWEMMCuIlHBsYZjYZW5JwtoecbRl6
https://tonviewer.com/EQDnqO7ifCVhlNX2zJYnL23AmV-DaTk63flIO6PsCrd4hu5l,CEX,bitfree,EQDnqO7ifCVhlNX2zJYnL23AmV-DaTk63flIO6PsCrd4hu5l
https://tonviewer.com/EQACuFjhwizOGjrZ7VDpSVBwMh8wjcSwiSTx3b3YHiI339nN,CEX,mexc,EQACuFjhwizOGjrZ7VDpSVBwMh8wjcSwiSTx3b3YHiI339nN
https://tonviewer.com/EQBESnpbQ6YDcEHnlHGlixkk5XxqOv8EfZDTBnf3lFh1HaDZ,CEX,mexc,EQBESnpbQ6YDcEHnlHGlixkk5XxqOv8EfZDTBnf3lFh1HaDZ
https://tonviewer.com/EQAJSfaj8sBiaQ7GuwFfH8moKx7r8D87wqyLEhWofnffx4Hq,CEX,mexc,EQAJSfaj8sBiaQ7GuwFfH8moKx7r8D87wqyLEhWofnffx4Hq
https://tonviewer.com/EQDArTm2tEdVzEc-XVvKgQ__ndzy-45kjsKvhqsiZ0I-u1zC,CEX,antarctic,EQDArTm2tEdVzEc-XVvKgQ__ndzy-45kjsKvhqsiZ0I-u1zC
https://tonviewer.com/EQC1NuWj8E9gjV8HrZLN6WXlGZ1mbPnmz9uqxH0d-LuHgeVX,CEX,antarctic,EQC1NuWj8E9gjV8HrZLN6WXlGZ1mbPnmz9uqxH0d-LuHgeVX
https://tonviewer.com/EQBmLDcxBiP21Vn4Jet3Th-DWyNl8JVmsbdAi8FvxHT38aiu,CEX,tabdeal,EQBmLDcxBiP21Vn4Jet3Th-DWyNl8JVmsbdAi8FvxHT38aiu
https://tonviewer.com/EQDByM-88YEJtGq4UTZx3FOgZFZ6URHPYD11wf9AcBrajZWl,CEX,bitkub,EQDByM-88YEJtGq4UTZx3FOgZFZ6URHPYD11wf9AcBrajZWl
https://tonviewer.com/EQA0weM6cuoaaLEAd5kT8fFQR9INobWI6nkFcnx5tgeE0fC9,CEX,okx,EQA0weM6cuoaaLEAd5kT8fFQR9INobWI6nkFcnx5tgeE0fC9
https://tonviewer.com/EQB2L56Q2zoqx-e_rn2LUJMVhV6f7njc6qkNJ0mEX6q7l22q,CEX,okx,EQB2L56Q2zoqx-e_rn2LUJMVhV6f7njc6qkNJ0mEX6q7l22q
https://tonviewer.com/EQBHcPpzxBGFhp6A1A_MzPEvBIexogbXG2LEzyG5OPUjKriz,CEX,okx,EQBHcPpzxBGFhp6A1A_MzPEvBIexogbXG2LEzyG5OPUjKriz
https://tonviewer.com/EQAkD03B43KzYLXVKDiD_x7g6bZ8URDA7rHz7294kxoY-VNX,CEX,okx,EQAkD03B43KzYLXVKDiD_x7g6bZ8URDA7rHz7294kxoY-VNX
https://tonviewer.com/EQCEvwC11o7kxCUGZDW2OhuIZJ5b7HXtmMuQ6JbywO3KI9gJ,CEX,okx,EQCEvwC11o7kxCUGZDW2OhuIZJ5b7HXtmMuQ6JbywO3KI9gJ
https://tonviewer.com/EQC59MHhy0KCaNXSr_I55jQMkkWAWf2XYc_-Jk23F2EkRpn4,CEX,okx,EQC59MHhy0KCaNXSr_I55jQMkkWAWf2XYc_-Jk23F2EkRpn4
https://tonviewer.com/EQBs8A9-KOH-X4k1VpB2-NSCdkvPJ2DCXCLsXo_tJYQ6HG6q,CEX,okx,EQBs8A9-KOH-X4k1VpB2-NSCdkvPJ2DCXCLsXo_tJYQ6HG6q
https://tonviewer.com/EQBTsJKGXJdhjtR-2vgKoW_KW65OtdxgBcAfNcCi9jUihwoo,CEX,okx,EQBTsJKGXJdhjtR-2vgKoW_KW65OtdxgBcAfNcCi9jUihwoo
https://tonviewer.com/EQC5YzXt7OYsZyIyUGzMxk1UXc_rG8_dhSibOnY0meM5w7aI,CEX,okx,EQC5YzXt7OYsZyIyUGzMxk1UXc_rG8_dhSibOnY0meM5w7aI
https://tonviewer.com/EQBLxmR4jQXJgvWOWvF1xbQlxxn_5sHPCbgRHAVSpxC72xWD,CEX,okx,EQBLxmR4jQXJgvWOWvF1xbQlxxn_5sHPCbgRHAVSpxC72xWD
https://tonviewer.com/EQDAkDLgsBx6pu9fYftWONXBMOJnsQ1aZjlM4O2HfJAFHAzs,CEX,okx,EQDAkDLgsBx6pu9fYftWONXBMOJnsQ1aZjlM4O2HfJAFHAzs
https://tonviewer.com/EQBmMoGL4_rbvST2evJ6qiEmzrQ6iiLNC5OCTUqUd6C6zAFE,CEX,okx,EQBmMoGL4_rbvST2evJ6qiEmzrQ6iiLNC5OCTUqUd6C6zAFE
https://tonviewer.com/EQAavN-0e1BG409fMfNXYDhsiD09jrfsovsWBh8IBkg945QK,CEX,okx,EQAavN-0e1BG409fMfNXYDhsiD09jrfsovsWBh8IBkg945QK
https://tonviewer.com/EQB4C17P58dVzIn6X9y6RrX7I1C1bqH1V6sIHr9yyg0HIwKK,CEX,okx,EQB4C17P58dVzIn6X9y6RrX7I1C1bqH1V6sIHr9yyg0HIwKK
https://tonviewer.com/EQCrEflm_iQTnY-0tTQ6dC8gnyPQufdXME2cdlX3CA__WKZp,CEX,okx,EQCrEflm_iQTnY-0tTQ6dC8gnyPQufdXME2cdlX3CA__WKZp
https://tonviewer.com/EQDjhH2Byq7_jOjbCAoH8baLoPXV7Gxh0F5a-WSNM9_gxNol,CEX,okx,EQDjhH2Byq7_jOjbCAoH8baLoPXV7Gxh0F5a-WSNM9_gxNol
https://tonviewer.com/EQDb9oGZdzxQ7wwKhGKrtcsMf-KrWaeUDvSu7ljhqgc6hzQV,CEX,okx,EQDb9oGZdzxQ7wwKhGKrtcsMf-KrWaeUDvSu7ljhqgc6hzQV
https://tonviewer.com/EQDBlR_179cBqRsBRQX27SLDxaJ7-W0sLFErv-FV19dufYRG,CEX,okx,EQDBlR_179cBqRsBRQX27SLDxaJ7-W0sLFErv-FV19dufYRG
https://tonviewer.com/EQBnyFfy-JHD5y0kOzxAfn63JULWayRnXgJ0LJDHO-fYQ7ce,CEX,okx,EQBnyFfy-JHD5y0kOzxAfn63JULWayRnXgJ0LJDHO-fYQ7ce
https://tonviewer.com/EQC5PAGtz0Ux7qLqbzsmqQ91kt2eGXnFxuujm33Ftsdlr0FX,CEX,okx,EQC5PAGtz0Ux7qLqbzsmqQ91kt2eGXnFxuujm33Ftsdlr0FX
https://tonviewer.com/EQDoBlZzEtk1A3zQ-F6OAeWfLpJE_vtPrVE6yEAmGMGIuRfO,CEX,okx,EQDoBlZzEtk1A3zQ-F6OAeWfLpJE_vtPrVE6yEAmGMGIuRfO
https://tonviewer.com/EQCWm0_rZUvANr81HIuTloAwsxRM44eyX_hp_eVCdqn1F_pa,CEX,okx,EQCWm0_rZUvANr81HIuTloAwsxRM44eyX_hp_eVCdqn1F_pa
https://tonviewer.com/EQAFaKfT7si0gd4tMdjiTL20g5aTUSeDziFzX0mPm-xYTerI,CEX,okx,EQAFaKfT7si0gd4tMdjiTL20g5aTUSeDziFzX0mPm-xYTerI
https://tonviewer.com/EQAKp_KvNJRgME85Nt_SuIkOKLQjp3bSKSyks4QCrSsxYPwz,CEX,okx,EQAKp_KvNJRgME85Nt_SuIkOKLQjp3bSKSyks4QCrSsxYPwz
https://tonviewer.com/EQCTQ9kdiV3pkdQCdf34nOBmwlwg0usE9ZeUasca-cD0xPgE,CEX,okx,EQCTQ9kdiV3pkdQCdf34nOBmwlwg0usE9ZeUasca-cD0xPgE
https://tonviewer.com/EQBrbMaKyqR9CSOrO2ntTmSM7dUAXS1MsjkYAholFJqFxtX6,CEX,okx,EQBrbMaKyqR9CSOrO2ntTmSM7dUAXS1MsjkYAholFJqFxtX6
https://tonviewer.com/EQC0a18Uhi1AqxuoSuqyqrYTap8cc0bBRNaqB6bZd1R8h9P-,CEX,okx,EQC0a18Uhi1AqxuoSuqyqrYTap8cc0bBRNaqB6bZd1R8h9P-
https://tonviewer.com/EQBUxNTZV2w8PKoosHAuXJWYRA25TXrvTlvt0vF-p6hsdDQS,CEX,okx,EQBUxNTZV2w8PKoosHAuXJWYRA25TXrvTlvt0vF-p6hsdDQS
https://tonviewer.com/EQCXddzKCkEDzFyMoP6rmUqk9nQTe-Mfnyw36w8TxzQi_MMF,CEX,okx,EQCXddzKCkEDzFyMoP6rmUqk9nQTe-Mfnyw36w8TxzQi_MMF
https://tonviewer.com/EQDndVcAwHvsDvl3jeEajpnVqBiidKclSmOELwOzSSNeK-9e,CEX,okx,EQDndVcAwHvsDvl3jeEajpnVqBiidKclSmOELwOzSSNeK-9e
https://tonviewer.com/EQA8E12ys0Yl2m7xnDLr-Hn1dq2tHMLp7vDUM6JTn1U5uP5n,CEX,okx,EQA8E12ys0Yl2m7xnDLr-Hn1dq2tHMLp7vDUM6JTn1U5uP5n
https://tonviewer.com/EQACD1kvpbFpuxnJqnwDdmwn-OGR5lnAjkPw5RHrSNejHtZU,CEX,okx,EQACD1kvpbFpuxnJqnwDdmwn-OGR5lnAjkPw5RHrSNejHtZU
https://tonviewer.com/EQDxX6trbgX67VqHhBMPltV6pDq8PTQ2cRYHW6Xg-rB1tl9a,CEX,okx,EQDxX6trbgX67VqHhBMPltV6pDq8PTQ2cRYHW6Xg-rB1tl9a
https://tonviewer.com/EQCVIP9HQd9mTxjMV_9y8A9lQN4HvNX0XnKSWUy0ud6_XQGx,CEX,okx,EQCVIP9HQd9mTxjMV_9y8A9lQN4HvNX0XnKSWUy0ud6_XQGx
https://tonviewer.com/EQBGBxxKAyxkeyZPs0ns5uV2F_Jvj7lf2GcXMbb7VR3w9Pc9,CEX,okx,EQBGBxxKAyxkeyZPs0ns5uV2F_Jvj7lf2GcXMbb7VR3w9Pc9
https://tonviewer.com/EQBzy8p8hfucl_jbNs_9lZgNKbjku-OledrL_Et-1DyNoAw9,CEX,okx,EQBzy8p8hfucl_jbNs_9lZgNKbjku-OledrL_Et-1DyNoAw9
https://tonviewer.com/EQBQAGSnFqLxvMV-PXzPH1_hmPDDjG5mhxp4ZABEBKz_cjLG,CEX,okx,EQBQAGSnFqLxvMV-PXzPH1_hmPDDjG5mhxp4ZABEBKz_cjLG
https://tonviewer.com/EQBmoechltZNb69I-ksuqGH2ewSE0tFKWcr3AdjChs5E5RVn,CEX,okx,EQBmoechltZNb69I-ksuqGH2ewSE0tFKWcr3AdjChs5E5RVn
https://tonviewer.com/EQAS03vHi22IrLNKFPZ2rL5hS3IqXDcEpnatgN1RKRUznVZ1,CEX,okx,EQAS03vHi22IrLNKFPZ2rL5hS3IqXDcEpnatgN1RKRUznVZ1
https://tonviewer.com/EQBH2w_CBbd1SOnm0V6vAasHQ8lFzJklB38BiiHNRQ_9hXWf,CEX,okx,EQBH2w_CBbd1SOnm0V6vAasHQ8lFzJklB38BiiHNRQ_9hXWf
https://tonviewer.com/EQDgwX5u7w7s0DNyXV4ApByxlhdwp6xzGYHpaO1GWqZ2qZwH,CEX,okx,EQDgwX5u7w7s0DNyXV4ApByxlhdwp6xzGYHpaO1GWqZ2qZwH
https://tonviewer.com/EQBsJbXy_l7xpqGXj2EfYaUIg_1QoIIrGRdkRfypMYIyY4ng,CEX,okx,EQBsJbXy_l7xpqGXj2EfYaUIg_1QoIIrGRdkRfypMYIyY4ng
https://tonviewer.com/EQDLgXrBFtCooTFm93mbNw9h3AboZAzdal0YngUdoCL0pR3M,CEX,okx,EQDLgXrBFtCooTFm93mbNw9h3AboZAzdal0YngUdoCL0pR3M
https://tonviewer.com/EQD53f8QA0j34oehKI2PwTnsGR8uSia63N2P2Zcaq975LSv3,CEX,okx,EQD53f8QA0j34oehKI2PwTnsGR8uSia63N2P2Zcaq975LSv3
https://tonviewer.com/EQD3HSnYqkhMxae_K6vngnzRmmrOSOWugdfFxcWyR4hV_yPa,CEX,okx,EQD3HSnYqkhMxae_K6vngnzRmmrOSOWugdfFxcWyR4hV_yPa
https://tonviewer.com/EQB0Pe-86bTQrmztmIL2MXMT4fZTHw2UwXEG8rpv-vRTP9Qs,CEX,okx,EQB0Pe-86bTQrmztmIL2MXMT4fZTHw2UwXEG8rpv-vRTP9Qs
https://tonviewer.com/EQAHsamD0jg4uG0FtCCkKBP2JPLLT02RaU2Ous8PX0sCre1o,CEX,okx,EQAHsamD0jg4uG0FtCCkKBP2JPLLT02RaU2Ous8PX0sCre1o
https://tonviewer.com/EQDuXs0-7eZav2gqdJPJ_1b8Y4BxjPhQn9xfWkQyQOSfCTMT,CEX,okx,EQDuXs0-7eZav2gqdJPJ_1b8Y4BxjPhQn9xfWkQyQOSfCTMT
https://tonviewer.com/EQALPBuydPH5HhVljyMfJ0T_7jR1VrE5kmNxFifTJtQ2fT79,CEX,okx,EQALPBuydPH5HhVljyMfJ0T_7jR1VrE5kmNxFifTJtQ2fT79
https://tonviewer.com/EQAqfwxAvh3hkhhzPghbh27Mt3oyNzqz7P48Hlq7E8NVhuPu,CEX,okx,EQAqfwxAvh3hkhhzPghbh27Mt3oyNzqz7P48Hlq7E8NVhuPu
https://tonviewer.com/EQDW9fU6BU3XJbEj45ONPbFRe_wU5j4SgqkAbRa7FKugnwJm,CEX,okx,EQDW9fU6BU3XJbEj45ONPbFRe_wU5j4SgqkAbRa7FKugnwJm
https://tonviewer.com/EQDOnrPSrBhsp67VjW4KigMVNJ9xfBR2WqQgGCdbXpn4jLEi,CEX,okx,EQDOnrPSrBhsp67VjW4KigMVNJ9xfBR2WqQgGCdbXpn4jLEi
https://tonviewer.com/EQC3O8RIkeq0f1YCoPP1x8hC6MSqYkIRnZYot3Xw9lCHR_04,CEX,okx,EQC3O8RIkeq0f1YCoPP1x8hC6MSqYkIRnZYot3Xw9lCHR_04
https://tonviewer.com/EQB9pK8gLNYtrcMSFzROwtkaNIpTqazLGEof5O7rVZvsPvhZ,CEX,okx,EQB9pK8gLNYtrcMSFzROwtkaNIpTqazLGEof5O7rVZvsPvhZ
https://tonviewer.com/EQB5l-M6tYDl6bOAvvlH5Jc9B3fHUU5sIU9MgT58FPznxxWB,CEX,okx,EQB5l-M6tYDl6bOAvvlH5Jc9B3fHUU5sIU9MgT58FPznxxWB
https://tonviewer.com/EQChx9QNUI-zOUm-Xv8TV5eKAiG9WtdDvX3g2JHt7nQmGkDk,CEX,okx,EQChx9QNUI-zOUm-Xv8TV5eKAiG9WtdDvX3g2JHt7nQmGkDk
https://tonviewer.com/EQDJdRjO0xPtN8GTN6UtkHbBCp7U8VIcm2ypSjxNc7RoFs7l,CEX,okx,EQDJdRjO0xPtN8GTN6UtkHbBCp7U8VIcm2ypSjxNc7RoFs7l
https://tonviewer.com/EQDDhUxvbzMqu9XL_5C6SZRYNqrMHy6HEcxp5oBjwG3PWqIz,CEX,okx,EQDDhUxvbzMqu9XL_5C6SZRYNqrMHy6HEcxp5oBjwG3PWqIz
https://tonviewer.com/EQDlexgKa8OvaHQstlHoV63kWC1Jo-33zmWZ92fC7mM3OTx-,CEX,okx,EQDlexgKa8OvaHQstlHoV63kWC1Jo-33zmWZ92fC7mM3OTx-
https://tonviewer.com/EQB1505WD8vi-F5gXx2x9_tE7J2tM3iuk6HykrDOTuzZs3Sq,CEX,okx,EQB1505WD8vi-F5gXx2x9_tE7J2tM3iuk6HykrDOTuzZs3Sq
https://tonviewer.com/EQD2Qq_HzoUy_R_3yczjZ3LtcLgis8_rCinpgHtD9gep3_-G,CEX,okx,EQD2Qq_HzoUy_R_3yczjZ3LtcLgis8_rCinpgHtD9gep3_-G
https://tonviewer.com/EQDm-iyrxdj_QnEj8gk9Ytbv5ea5QLJPJEFBRZktqSIJz94l,CEX,okx,EQDm-iyrxdj_QnEj8gk9Ytbv5ea5QLJPJEFBRZktqSIJz94l
https://tonviewer.com/EQAnY-y8-74lSJbCl8Vtn_T4I6ODjjEUXBoDa4EkuIpTvsyM,CEX,okx,EQAnY-y8-74lSJbCl8Vtn_T4I6ODjjEUXBoDa4EkuIpTvsyM
https://tonviewer.com/EQA3WIIoQtGwhBGo6d3GOt3wivxZvNS4oI6vuLVK5nM0x6JH,CEX,okx,EQA3WIIoQtGwhBGo6d3GOt3wivxZvNS4oI6vuLVK5nM0x6JH
https://tonviewer.com/EQA5EKxb8hlOIZ2B8QX3DsvU_KK9HQVvR7tgSnaL1eU2ldy1,CEX,okx,EQA5EKxb8hlOIZ2B8QX3DsvU_KK9HQVvR7tgSnaL1eU2ldy1
https://tonviewer.com/EQB9zE3jrfjk-nZddzzYimleMH6lgUeyxyR2r1f9hyRtPEWt,CEX,okx,EQB9zE3jrfjk-nZddzzYimleMH6lgUeyxyR2r1f9hyRtPEWt
https://tonviewer.com/EQC5KG5acrwZkKlARnPJr8Quv5TGBw7-KEqO9-ABJwnyn1Hq,CEX,okx,EQC5KG5acrwZkKlARnPJr8Quv5TGBw7-KEqO9-ABJwnyn1Hq
https://tonviewer.com/EQCB8EbtknQUlO00IuKVCpeDcpu5KqojlnzyHjeaDSMNHJOD,CEX,okx,EQCB8EbtknQUlO00IuKVCpeDcpu5KqojlnzyHjeaDSMNHJOD
https://tonviewer.com/EQBOGKXLQ_A8G5WsKQ-bDgZxB1GN9jCI7plJ93WYiXpLlynm,CEX,okx,EQBOGKXLQ_A8G5WsKQ-bDgZxB1GN9jCI7plJ93WYiXpLlynm
https://tonviewer.com/EQBImtSyquflZFlf-fhIcCuWWtIvhZC57iVGYk8RGdg-nLjW,CEX,okx,EQBImtSyquflZFlf-fhIcCuWWtIvhZC57iVGYk8RGdg-nLjW
https://tonviewer.com/EQBN8d2IB2mXuAwtM0dOSJBeR3zjLn1bDmqN_y07IwUo3yX8,CEX,okx,EQBN8d2IB2mXuAwtM0dOSJBeR3zjLn1bDmqN_y07IwUo3yX8
https://tonviewer.com/EQDb3pJWfb5I7SzuLvjZMUgCOyPy1qR_eJMJJpXZgHz1skxD,CEX,okx,EQDb3pJWfb5I7SzuLvjZMUgCOyPy1qR_eJMJJpXZgHz1skxD
https://tonviewer.com/EQCnqZ978vQmg-utad1Cfr6psT9BCQDRfItrUXhb8UrATqWQ,CEX,okx,EQCnqZ978vQmg-utad1Cfr6psT9BCQDRfItrUXhb8UrATqWQ
https://tonviewer.com/EQBwSbcRQpwTiEXsOnIBKLcneW2p-k7FsmCIzD0d_B1dkMGd,CEX,okx,EQBwSbcRQpwTiEXsOnIBKLcneW2p-k7FsmCIzD0d_B1dkMGd
https://tonviewer.com/EQDxmasoTjikxy5BhobeJ9kUSUoiJzqaStF9-kbUhd7LQYpX,CEX,okx,EQDxmasoTjikxy5BhobeJ9kUSUoiJzqaStF9-kbUhd7LQYpX
https://tonviewer.com/EQBBeLqC8q6bQD6IGjWBG11pNP21ByAJh5bzch_sYIC-LF-Y,CEX,okx,EQBBeLqC8q6bQD6IGjWBG11pNP21ByAJh5bzch_sYIC-LF-Y
https://tonviewer.com/EQDb6sxWx6RLrzSJM8CD35lx73rnO3mrLlIwjgxQx90nOZY_,CEX,okx,EQDb6sxWx6RLrzSJM8CD35lx73rnO3mrLlIwjgxQx90nOZY_
https://tonviewer.com/EQDNRC3S9vnf4MbPy-1tC08onXAYihQa1phv2Sf7ABg2hBC3,CEX,okx,EQDNRC3S9vnf4MbPy-1tC08onXAYihQa1phv2Sf7ABg2hBC3
https://tonviewer.com/EQDZzHJo16vnMQRHNmjTYfuFdjJxZWDSuY2RWDgWAtorAc8P,CEX,okx,EQDZzHJo16vnMQRHNmjTYfuFdjJxZWDSuY2RWDgWAtorAc8P
https://tonviewer.com/EQDv9Cy0t8KdBk_esCFe3VVXbHWU5UPNWe1SGT62y4-_2e5V,CEX,okx,EQDv9Cy0t8KdBk_esCFe3VVXbHWU5UPNWe1SGT62y4-_2e5V
https://tonviewer.com/EQCIWYbUsSLX8SwnZG42UpLS_aqX3ul0sQevMwCmspfXGktY,CEX,okx,EQCIWYbUsSLX8SwnZG42UpLS_aqX3ul0sQevMwCmspfXGktY
https://tonviewer.com/EQAEmz7J1l8AyaYberTWOyZgLesBulrr0EjzfIKqdWQxZueP,CEX,okx,EQAEmz7J1l8AyaYberTWOyZgLesBulrr0EjzfIKqdWQxZueP
https://tonviewer.com/EQAJXUF5AqHI8x6EDuh3hozx6gV1Ic62mrsAlFJdByoMx4ue,CEX,okx,EQAJXUF5AqHI8x6EDuh3hozx6gV1Ic62mrsAlFJdByoMx4ue
https://tonviewer.com/EQCXrAHMexPW_6IwHPHTQF2N_bMM-KJqTVdwCiX4oapUH5-r,CEX,okx,EQCXrAHMexPW_6IwHPHTQF2N_bMM-KJqTVdwCiX4oapUH5-r
https://tonviewer.com/EQAB9aiabd1B2qNjnSIcSVT3z8EPuCHNeb5HzaHmxJM9hqls,CEX,okx,EQAB9aiabd1B2qNjnSIcSVT3z8EPuCHNeb5HzaHmxJM9hqls
https://tonviewer.com/EQDKwnQDlRYvStA0bcvjcIOknh2B-adaIMAtWQsCzoTLTh34,CEX,okx,EQDKwnQDlRYvStA0bcvjcIOknh2B-adaIMAtWQsCzoTLTh34
https://tonviewer.com/EQCiV97n9efLmFi8qeAU0SafSkbjZhbWNYABYb38lvln4lxk,CEX,okx,EQCiV97n9efLmFi8qeAU0SafSkbjZhbWNYABYb38lvln4lxk
https://tonviewer.com/EQBlYkm2HyAivZoKP6skaw02bfZQyxPj_3NJjAJp61pC3KDf,CEX,okx,EQBlYkm2HyAivZoKP6skaw02bfZQyxPj_3NJjAJp61pC3KDf
https://tonviewer.com/EQBXzIZ5k-1jQlGR7hGGOMpIJIbrE8XQieWesPHymfoxa5TO,CEX,okx,EQBXzIZ5k-1jQlGR7hGGOMpIJIbrE8XQieWesPHymfoxa5TO
https://tonviewer.com/EQAaG6hRNoL78b3zA7VJKQBap_lBzL4ekzYXs2uYfrOaxYHa,CEX,okx,EQAaG6hRNoL78b3zA7VJKQBap_lBzL4ekzYXs2uYfrOaxYHa
https://tonviewer.com/EQD3DqNhiMbJebjiugTaOz1yxnDE9SSOp3lHKLrwIfBPrvU6,CEX,okx,EQD3DqNhiMbJebjiugTaOz1yxnDE9SSOp3lHKLrwIfBPrvU6
https://tonviewer.com/EQANL6-PmVenYBTCpKXDwNYaQPJ-fJFL__hWR0OHAtYRCtrn,CEX,okx,EQANL6-PmVenYBTCpKXDwNYaQPJ-fJFL__hWR0OHAtYRCtrn
https://tonviewer.com/EQDtQfz1ZaHdEzCj5taHbAPULBbU-IU5Blba020x_6PFcRTD,CEX,okx,EQDtQfz1ZaHdEzCj5taHbAPULBbU-IU5Blba020x_6PFcRTD
https://tonviewer.com/EQCprDwEuxjCPCMJFDo4N_r2vj3keRrfPY5bqb_-pyHltJM3,CEX,okx,EQCprDwEuxjCPCMJFDo4N_r2vj3keRrfPY5bqb_-pyHltJM3
https://tonviewer.com/EQCJPyKujoTaSic1XYuOWkBjnghsjBSRswRC2kPHtGcXRubM,CEX,okx,EQCJPyKujoTaSic1XYuOWkBjnghsjBSRswRC2kPHtGcXRubM
https://tonviewer.com/EQDV3FPAkxE-U97RrBilbxyzTd_Big1T7UTX9qoTcMrXnG_4,CEX,okx,EQDV3FPAkxE-U97RrBilbxyzTd_Big1T7UTX9qoTcMrXnG_4
https://tonviewer.com/EQDuzVa4dFIYdl2tacr2-KFRIJzzS-VLpCh1TXAc30H4Ggah,CEX,okx,EQDuzVa4dFIYdl2tacr2-KFRIJzzS-VLpCh1TXAc30H4Ggah
https://tonviewer.com/EQDi3Xl2qVUHbPOL0ukDXKtN63swP-3i8KwnN8NuQGu_fb3U,CEX,okx,EQDi3Xl2qVUHbPOL0ukDXKtN63swP-3i8KwnN8NuQGu_fb3U
https://tonviewer.com/EQCdrSvb9R9aScSpxtSktAAUcGJHMeG9PlpMfzjKzJJxvQg3,CEX,okx,EQCdrSvb9R9aScSpxtSktAAUcGJHMeG9PlpMfzjKzJJxvQg3
https://tonviewer.com/EQDcaktrqeiLZbMS-piyBJ0Te7AttkVwYHKJEHIzJxvhDoKN,CEX,okx,EQDcaktrqeiLZbMS-piyBJ0Te7AttkVwYHKJEHIzJxvhDoKN
https://tonviewer.com/EQBsuIgpxJJ94Lm51bo65oLx9DS9aD90TEsV_q20l4gfswAi,CEX,okx,EQBsuIgpxJJ94Lm51bo65oLx9DS9aD90TEsV_q20l4gfswAi
https://tonviewer.com/EQCqa-8NrR5jikSFbt9Q5Ry-E0zEnVcym-GuhkDBZlDg8Y_1,CEX,okx,EQCqa-8NrR5jikSFbt9Q5Ry-E0zEnVcym-GuhkDBZlDg8Y_1
https://tonviewer.com/EQDxXMmqeOkLjqyNSfe_WxiIjsn1Ua8QuOI3qYASEAOaOXpS,CEX,okx,EQDxXMmqeOkLjqyNSfe_WxiIjsn1Ua8QuOI3qYASEAOaOXpS
https://tonviewer.com/EQAjKtkVYt6XarJtNLuDsL3Y7-ui0ljC94xpalkYTiX2NmPx,CEX,okx,EQAjKtkVYt6XarJtNLuDsL3Y7-ui0ljC94xpalkYTiX2NmPx
https://tonviewer.com/EQDBzyGq1HhumlIFw7bBPDGpzN_a8gfgJN-e1blJe-_Rt7YX,CEX,okx,EQDBzyGq1HhumlIFw7bBPDGpzN_a8gfgJN-e1blJe-_Rt7YX
https://tonviewer.com/EQCGkOk-Ewt6HvkVXtoXufBs6TAlBncVTjmGxU5tg-tjvTFi,CEX,redotpay,EQCGkOk-Ewt6HvkVXtoXufBs6TAlBncVTjmGxU5tg-tjvTFi
https://tonviewer.com/EQDQBJCO7FhKx83TqasFO1TIy8JhyOAQBy8GQb_qARphvONd,CEX,redotpay,EQDQBJCO7FhKx83TqasFO1TIy8JhyOAQBy8GQb_qARphvONd
https://tonviewer.com/EQBxlXxtk2yr37cWjGMtn0x52HuSXlQNGcJeuKoVNjuO3oRi,CEX,yellowcard,EQBxlXxtk2yr37cWjGMtn0x52HuSXlQNGcJeuKoVNjuO3oRi
https://tonviewer.com/EQB-LQ_362sK4vQtg1uMRsz006rGa_yYv6925nIZt5bMjCZD,CEX,yellowcard,EQB-LQ_362sK4vQtg1uMRsz006rGa_yYv6925nIZt5bMjCZD
https://tonviewer.com/EQDcZCI-6KPnAS6nUBsUlo0tlmpa3MSmPAKdqQu_7tad6ZBj,CEX,yellowcard,EQDcZCI-6KPnAS6nUBsUlo0tlmpa3MSmPAKdqQu_7tad6ZBj
https://tonviewer.com/EQACDR8RvMdK14LKPYmSEEb7QPgvEtR75IyRX84I0ABBNC4c,CEX,yellowcard,EQACDR8RvMdK14LKPYmSEEb7QPgvEtR75IyRX84I0ABBNC4c
https://tonviewer.com/EQC_bKluQ_28lXABvnEkr0SLy-VX8qbAY0ReBYLsXg8z3V8b,CEX,yellowcard,EQC_bKluQ_28lXABvnEkr0SLy-VX8qbAY0ReBYLsXg8z3V8b
https://tonviewer.com/EQD2mRYMNDYzGEkjB8CoMv8-T30Wiu4f8fTiYTzKVHzgbB-S,CEX,yellowcard,EQD2mRYMNDYzGEkjB8CoMv8-T30Wiu4f8fTiYTzKVHzgbB-S
https://tonviewer.com/EQBISw7xBO8SVBKgRJJ1vPO0fxcPJ3RdVMc1AvB6Yl_7prrp,CEX,yellowcard,EQBISw7xBO8SVBKgRJJ1vPO0fxcPJ3RdVMc1AvB6Yl_7prrp
https://tonviewer.com/EQCW04AOqaONFsD-7BqVSLqpoe3OLFyrwwTJsCyaRzT_aTKR,CEX,yellowcard,EQCW04AOqaONFsD-7BqVSLqpoe3OLFyrwwTJsCyaRzT_aTKR
https://tonviewer.com/EQCigEeF0HS8mMcUg-PQZC1eJIOVMTHI6t9-dN4KjHCJ2bQ1,CEX,yellowcard,EQCigEeF0HS8mMcUg-PQZC1eJIOVMTHI6t9-dN4KjHCJ2bQ1
https://tonviewer.com/EQBl9Cy791Vrj80bZK0CxzAr4E1XDPNbVu00Hwb3IgRZjZr-,CEX,yellowcard,EQBl9Cy791Vrj80bZK0CxzAr4E1XDPNbVu00Hwb3IgRZjZr-
https://tonviewer.com/EQD-w6dOElh-SUnYQrqJYrmkmJGkO7Nx0Rl4Gkqps-n6h-fY,CEX,yellowcard,EQD-w6dOElh-SUnYQrqJYrmkmJGkO7Nx0Rl4Gkqps-n6h-fY
https://tonviewer.com/EQAtI89CXuJP9edPyxcJrvZvMoqFYP0WPyph1PlMcBdCPV8e,CEX,yellowcard,EQAtI89CXuJP9edPyxcJrvZvMoqFYP0WPyph1PlMcBdCPV8e
https://tonviewer.com/EQDrMn1WcYIntHZ_zCM9yCSJvJ_n19x9jz1BV8vCahz7HpXM,CEX,yellowcard,EQDrMn1WcYIntHZ_zCM9yCSJvJ_n19x9jz1BV8vCahz7HpXM
https://tonviewer.com/EQB3-xc-0Xe3Vun3AgZxxxcklgs5CIsAET5bXRUNZEiHQEpI,CEX,yellowcard,EQB3-xc-0Xe3Vun3AgZxxxcklgs5CIsAET5bXRUNZEiHQEpI
https://tonviewer.com/EQDJW3oFlCjSEi64nTCIIXyiFytMUMaplMEZhoDx2X_ckpyX,CEX,yellowcard,EQDJW3oFlCjSEi64nTCIIXyiFytMUMaplMEZhoDx2X_ckpyX
https://tonviewer.com/EQAs51zLJmLhxA2KUNVtoE6kCmWq0GZEotB6DdRb3G27eaZM,CEX,yellowcard,EQAs51zLJmLhxA2KUNVtoE6kCmWq0GZEotB6DdRb3G27eaZM
https://tonviewer.com/EQAXsCvZs7hwHYzFSXGv1nHj5Z8HchoYunIeekr2B4EGg2dw,CEX,yellowcard,EQAXsCvZs7hwHYzFSXGv1nHj5Z8HchoYunIeekr2B4EGg2dw
https://tonviewer.com/EQBro8HMvg59T7PJCwTfK_ogUPUz3ZRqTKGG51VKOhi4Z8AV,CEX,yellowcard,EQBro8HMvg59T7PJCwTfK_ogUPUz3ZRqTKGG51VKOhi4Z8AV
https://tonviewer.com/EQDKJgw5JVU7moQYW-qJiAGiFFlB7HBgeK6W4XyWSFU1a4m-,CEX,yellowcard,EQDKJgw5JVU7moQYW-qJiAGiFFlB7HBgeK6W4XyWSFU1a4m-
https://tonviewer.com/EQC9KSqETfpuaxxRetnxb6s-QS8AlqngbDEfUVVijnBWnr3p,CEX,yellowcard,EQC9KSqETfpuaxxRetnxb6s-QS8AlqngbDEfUVVijnBWnr3p
https://tonviewer.com/EQBboPfguejbnJ6l0WR2xkpm_fj9OgV0OsXEkqSgdMN3DEQ_,CEX,ompfinex,EQBboPfguejbnJ6l0WR2xkpm_fj9OgV0OsXEkqSgdMN3DEQ_
https://tonviewer.com/EQBM4AeNmZeFID6rANSZd3Fm6sZnJ7wqNNtJRcu3uNsg-lrj,CEX,ok_ex,EQBM4AeNmZeFID6rANSZd3Fm6sZnJ7wqNNtJRcu3uNsg-lrj
https://tonviewer.com/EQD5X3jciHiG4dA8fI3Y6oiXMkibk3RCJ0U2gFmeTsee2sgC,CEX,ok_ex,EQD5X3jciHiG4dA8fI3Y6oiXMkibk3RCJ0U2gFmeTsee2sgC
https://tonviewer.com/EQDYEpHEuc3DgvymRiXuI6KSKTjwQl6nS_tfy9ckzK4_es2j,CEX,ok_ex,EQDYEpHEuc3DgvymRiXuI6KSKTjwQl6nS_tfy9ckzK4_es2j
https://tonviewer.com/EQD4uGNdB4a3f52mYOZf0x1nCmdd1DAvrLppL0a1cetTYHn0,CEX,binance,EQD4uGNdB4a3f52mYOZf0x1nCmdd1DAvrLppL0a1cetTYHn0
https://tonviewer.com/EQDHuT2Kiu5svuOAQ9Jdu0jKaQ0TBwwxDf-3ouxHl8-RebaI,CEX,wallex,EQDHuT2Kiu5svuOAQ9Jdu0jKaQ0TBwwxDf-3ouxHl8-RebaI
https://tonviewer.com/EQDcLs9hF1R8LESUyJjARQB-0l91Ir6D8rkAGFM9zSAqXRIu,CEX,wallex,EQDcLs9hF1R8LESUyJjARQB-0l91Ir6D8rkAGFM9zSAqXRIu
https://tonviewer.com/EQABTruiipbnmqdcvN9_IJu-zn3QiyBP0qqNBCWrB1wONscj,CEX,wallex,EQABTruiipbnmqdcvN9_IJu-zn3QiyBP0qqNBCWrB1wONscj
https://tonviewer.com/EQCxxjmqkzW22CiljbP30oa0-yiT5oaWJ0-uh2wUi04itL6b,CEX,wallex,EQCxxjmqkzW22CiljbP30oa0-yiT5oaWJ0-uh2wUi04itL6b
https://tonviewer.com/EQA33qtch9dtGGNAdObjfRq7mLG1z9PCwsLIUit0H3lThqmE,CEX,wallex,EQA33qtch9dtGGNAdObjfRq7mLG1z9PCwsLIUit0H3lThqmE
https://tonviewer.com/EQD2P3X9U0R8tVH1N2yj_Y7NkD7BH--02HuBEqzkT3XXi3mD,CEX,coins.ph,EQD2P3X9U0R8tVH1N2yj_Y7NkD7BH--02HuBEqzkT3XXi3mD
https://tonviewer.com/EQBliEEMhVkYG728oAMqa9jv2n7Qm40uSctEp5XVThp4ONQ5,CEX,coins.ph,EQBliEEMhVkYG728oAMqa9jv2n7Qm40uSctEp5XVThp4ONQ5
https://tonviewer.com/EQD7eJM_TziChXr2XXFGXEFyhsAF_oOnO5LyWjS2MTN7HpaU,CEX,bybit,EQD7eJM_TziChXr2XXFGXEFyhsAF_oOnO5LyWjS2MTN7HpaU
https://tonviewer.com/EQBkGAlMqAVTe2i9JR4DW0BlI25a6hhu5xgmhTdbdUWVQ7Vd,CEX,bybit,EQBkGAlMqAVTe2i9JR4DW0BlI25a6hhu5xgmhTdbdUWVQ7Vd
https://tonviewer.com/EQCTMTmN2R2Fhbl9At-B9T0M5sgD0NBbRMsD6Lg592aXx7cC,CEX,bybit,EQCTMTmN2R2Fhbl9At-B9T0M5sgD0NBbRMsD6Lg592aXx7cC
https://tonviewer.com/EQCMkj1lJzHOBGJmCNo7aQR-pE3qKdd0DWocr0XzDd_CErNz,CEX,bybit,EQCMkj1lJzHOBGJmCNo7aQR-pE3qKdd0DWocr0XzDd_CErNz
https://tonviewer.com/EQCZ-7akCw_dvl_Q5xyriWqCXdWubIPbuN7aDQlzX45paxCU,CEX,bybit,EQCZ-7akCw_dvl_Q5xyriWqCXdWubIPbuN7aDQlzX45paxCU
https://tonviewer.com/EQD-Q4vH7jEj2VL7T8fidxTsp-0NsC_qlnpJLImgbEPUotuj,CEX,bybit,EQD-Q4vH7jEj2VL7T8fidxTsp-0NsC_qlnpJLImgbEPUotuj
https://tonviewer.com/EQBcqOrPFO0Z3glXWME_G3wt3bDG7fMIWJjigsjqgEnNlWot,CEX,bybit,EQBcqOrPFO0Z3glXWME_G3wt3bDG7fMIWJjigsjqgEnNlWot
https://tonviewer.com/EQATjYSGQhI_OhXB0ch4HAEKu2cSu0CwV0fhb-70lCOXgeaZ,CEX,bybit,EQATjYSGQhI_OhXB0ch4HAEKu2cSu0CwV0fhb-70lCOXgeaZ
https://tonviewer.com/EQCge0fy6N9JAnWDassuKu3WL5B4GADfzvmiT9wLok4YdPrI,CEX,bybit,EQCge0fy6N9JAnWDassuKu3WL5B4GADfzvmiT9wLok4YdPrI
https://tonviewer.com/EQACvGdEXPoGcwBK6RRdYZrwNYNNUN7OvTRVFIhUkwSCihtO,CEX,bybit,EQACvGdEXPoGcwBK6RRdYZrwNYNNUN7OvTRVFIhUkwSCihtO
https://tonviewer.com/EQDPkB7XHgfCH34r9Yhqi7hw4mTEnpEQGY9C6RHiXHvsvdMF,CEX,bybit,EQDPkB7XHgfCH34r9Yhqi7hw4mTEnpEQGY9C6RHiXHvsvdMF
https://tonviewer.com/EQCuf9xA0lPsnfpy2ux7qcKBk82Hg39vAUV0OS0AJQeNllht,CEX,bybit,EQCuf9xA0lPsnfpy2ux7qcKBk82Hg39vAUV0OS0AJQeNllht
https://tonviewer.com/EQDH5rK79LO771HqATmHCkXsIXEsQ3RGL-8sG4Q7rBJqa-wB,CEX,bybit,EQDH5rK79LO771HqATmHCkXsIXEsQ3RGL-8sG4Q7rBJqa-wB
https://tonviewer.com/EQCtcRV4-JH-3AatB9l0_EXgBqH34QW2gveNoXr2ilMUr31Q,CEX,bybit,EQCtcRV4-JH-3AatB9l0_EXgBqH34QW2gveNoXr2ilMUr31Q
https://tonviewer.com/EQAamDt640mf7Hj6VtbtaLQjSXz9Bs421WmI1z1RnK0QMNcC,CEX,bybit,EQAamDt640mf7Hj6VtbtaLQjSXz9Bs421WmI1z1RnK0QMNcC
https://tonviewer.com/EQA4Po_6cQFtlGI5CENqKENLYtREeZpmpwwSV13dn73tozP3,CEX,bybit,EQA4Po_6cQFtlGI5CENqKENLYtREeZpmpwwSV13dn73tozP3
https://tonviewer.com/EQAz26_Yc3sJt00JVhtVWdFU0aANpFQ5y133BeIVKpdAayJJ,CEX,bybit,EQAz26_Yc3sJt00JVhtVWdFU0aANpFQ5y133BeIVKpdAayJJ
https://tonviewer.com/EQBNjyWlovsKRL7rJ0XzKplBF2qv2xfgZmXPRdtDTd5Ysx6A,CEX,bybit,EQBNjyWlovsKRL7rJ0XzKplBF2qv2xfgZmXPRdtDTd5Ysx6A
https://tonviewer.com/EQDsWfZZ31JSSpYUb6zvmpgmF5o3nCBaNAEhxMunjXGgvUNx,CEX,bybit,EQDsWfZZ31JSSpYUb6zvmpgmF5o3nCBaNAEhxMunjXGgvUNx
https://tonviewer.com/EQCqDMN6cKPqetfkJlw6bcsXJrCB4-aKSSUaqJ0m37__DJgC,CEX,bybit,EQCqDMN6cKPqetfkJlw6bcsXJrCB4-aKSSUaqJ0m37__DJgC
https://tonviewer.com/EQCnSlaxBareL0J_L4EL3Y8uvZfVMOYl53w9W5Xz6p261J4X,CEX,bybit,EQCnSlaxBareL0J_L4EL3Y8uvZfVMOYl53w9W5Xz6p261J4X
https://tonviewer.com/EQAVKL87Fv8ac0sftJcKhXTKRse3fBV3Wo5VI4-qhwwRORwb,CEX,bybit,EQAVKL87Fv8ac0sftJcKhXTKRse3fBV3Wo5VI4-qhwwRORwb
https://tonviewer.com/EQAwssABs7N85Brq8Mqd0god5WqxqIxa69_4nMQmnbe7jTg5,CEX,bybit,EQAwssABs7N85Brq8Mqd0god5WqxqIxa69_4nMQmnbe7jTg5
https://tonviewer.com/EQAQ4UeX65WJVD_T75kZpIzQN73YncciF7JGCGPFSqS_6nxO,CEX,bybit,EQAQ4UeX65WJVD_T75kZpIzQN73YncciF7JGCGPFSqS_6nxO
https://tonviewer.com/EQBM5h_UEcWDocyaj0yuc64T0wxMdTl8hUH2nUVjCCCiBgQt,CEX,bybit,EQBM5h_UEcWDocyaj0yuc64T0wxMdTl8hUH2nUVjCCCiBgQt
https://tonviewer.com/EQBrLwaTp7NFXGwynoXfJDw_Z1ueRSOHmMvALt02IGTs3bDk,CEX,bybit,EQBrLwaTp7NFXGwynoXfJDw_Z1ueRSOHmMvALt02IGTs3bDk
https://tonviewer.com/EQCOBNcg-c3zBAayjDRrFwKNkO3AqlPYmQr-NtnM4L9jeQz-,CEX,bybit,EQCOBNcg-c3zBAayjDRrFwKNkO3AqlPYmQr-NtnM4L9jeQz-
https://tonviewer.com/EQBOElaNkAW5VWYHXfTKKBW7VZ_Qq2LFALQZV-w0VyC-_SdS,CEX,bybit,EQBOElaNkAW5VWYHXfTKKBW7VZ_Qq2LFALQZV-w0VyC-_SdS
https://tonviewer.com/EQBKbwqmUgTXDmBCQwYzwXj1yekl8f6z-QDiu9XScPfPrXH9,CEX,bybit,EQBKbwqmUgTXDmBCQwYzwXj1yekl8f6z-QDiu9XScPfPrXH9
https://tonviewer.com/EQCe0u-fw_z1IGtSWTTzKmKnG_YlpdNZ5xcyKO11ePR35Ee9,CEX,bybit,EQCe0u-fw_z1IGtSWTTzKmKnG_YlpdNZ5xcyKO11ePR35Ee9
https://tonviewer.com/EQDhuvyJ6uWNAdbStENr92g2vqtulyh6eTkj3b-L6Yei2ZGY,CEX,bybit,EQDhuvyJ6uWNAdbStENr92g2vqtulyh6eTkj3b-L6Yei2ZGY
https://tonviewer.com/EQBnO-yjjJfI4iXrSfc55zRY70N6ICfXkKvs_hkJTESCYmsM,CEX,bybit,EQBnO-yjjJfI4iXrSfc55zRY70N6ICfXkKvs_hkJTESCYmsM
https://tonviewer.com/EQD-7_Wc3tCVoVZe4JK7f9VXdpihUlTmRPJJUGHsJZiQBPpG,CEX,bybit,EQD-7_Wc3tCVoVZe4JK7f9VXdpihUlTmRPJJUGHsJZiQBPpG
https://tonviewer.com/EQBUD5m_zbO4HULKy0riXSPxaWgbbfkqZQHl-MJUxd4Po5P4,CEX,bybit,EQBUD5m_zbO4HULKy0riXSPxaWgbbfkqZQHl-MJUxd4Po5P4
https://tonviewer.com/EQDOnZ_XWOs_htava3KYlhVuggPxqXX6mOnc6lWk87lQKhTK,CEX,bybit,EQDOnZ_XWOs_htava3KYlhVuggPxqXX6mOnc6lWk87lQKhTK
https://tonviewer.com/EQDhHpW6CI0PlUhJoZL3ciJ8PER57WTullqcsCwCMJuROQBm,CEX,bybit,EQDhHpW6CI0PlUhJoZL3ciJ8PER57WTullqcsCwCMJuROQBm
https://tonviewer.com/EQD1AmltGL9X8y9Y0OZVITEHOZ5mCalvcqhEPUSM2gjes_Hk,CEX,bybit,EQD1AmltGL9X8y9Y0OZVITEHOZ5mCalvcqhEPUSM2gjes_Hk
https://tonviewer.com/EQBUrgTT-7tRTXpLz7vX_dOBVz58y10G2_q-fy0NJWOvGkYT,CEX,bybit,EQBUrgTT-7tRTXpLz7vX_dOBVz58y10G2_q-fy0NJWOvGkYT
https://tonviewer.com/EQBGyNYC-fd3Nyib6ocruYAKSwx5VCWK5bjBsTPQpZG7-5UI,CEX,bybit,EQBGyNYC-fd3Nyib6ocruYAKSwx5VCWK5bjBsTPQpZG7-5UI
https://tonviewer.com/EQA7gSeV9mwW5ZvgUhYXPXC-VYxUDcvJUIv9whg1MNdO6uPN,CEX,bybit,EQA7gSeV9mwW5ZvgUhYXPXC-VYxUDcvJUIv9whg1MNdO6uPN
https://tonviewer.com/EQCGZocc-KHkF2eabGFE0ydGGy28rqG-KwI6c5yp8hYI6EH6,CEX,bybit,EQCGZocc-KHkF2eabGFE0ydGGy28rqG-KwI6c5yp8hYI6EH6
https://tonviewer.com/EQB-ah_GFwD_xNl1jEDa9fMTYLCYNohOnhiuhJI3VJ_ure4G,CEX,bybit,EQB-ah_GFwD_xNl1jEDa9fMTYLCYNohOnhiuhJI3VJ_ure4G
https://tonviewer.com/EQDLLnL7QfqVevAYY9sVcJK_UQ-J9NkdJNEXTGGwKhdQ-Wiv,CEX,bybit,EQDLLnL7QfqVevAYY9sVcJK_UQ-J9NkdJNEXTGGwKhdQ-Wiv
https://tonviewer.com/EQCHViRR3TcPCzRdn3S7a0gCbsCSplc8wCwuQLtsTk23U0Yv,CEX,bybit,EQCHViRR3TcPCzRdn3S7a0gCbsCSplc8wCwuQLtsTk23U0Yv
https://tonviewer.com/EQBTMdR9Rv-kV1itjp2hyvl32bPGHMThep3auOQ0e8J8XBeL,CEX,bybit,EQBTMdR9Rv-kV1itjp2hyvl32bPGHMThep3auOQ0e8J8XBeL
https://tonviewer.com/EQAtIl_p6sevutsRKgduQp55zTcQEp9loW09UUoXCNIRu17c,CEX,bybit,EQAtIl_p6sevutsRKgduQp55zTcQEp9loW09UUoXCNIRu17c
https://tonviewer.com/EQDVAwC5qjB-RMoYhCIOsWHNHucIitq1HfKH0I2U49n8clGw,CEX,bybit,EQDVAwC5qjB-RMoYhCIOsWHNHucIitq1HfKH0I2U49n8clGw
https://tonviewer.com/EQCGWXRiH9m-QjeFPCKNNnP90mgv5_6iG1sxHoQzRTkmO0nb,CEX,bybit,EQCGWXRiH9m-QjeFPCKNNnP90mgv5_6iG1sxHoQzRTkmO0nb
https://tonviewer.com/EQAEI52HvyWWRP6EDY1i3-sB5yIe9TaO1zDODscULKMfxKOC,CEX,bybit,EQAEI52HvyWWRP6EDY1i3-sB5yIe9TaO1zDODscULKMfxKOC
https://tonviewer.com/EQDwiOozDblJ3ymw49Xn1fL_tzhwcBoJlU7f9hqn9yMpyW6O,CEX,bybit,EQDwiOozDblJ3ymw49Xn1fL_tzhwcBoJlU7f9hqn9yMpyW6O
https://tonviewer.com/EQBq8rnjhtsh6LJ7NiRkjZafWPGyQWVeyM5XEpX0c6Miuqtn,CEX,bybit,EQBq8rnjhtsh6LJ7NiRkjZafWPGyQWVeyM5XEpX0c6Miuqtn
https://tonviewer.com/EQAUbrMMxr7lVdNnZJIoWCatWNcgquPNhu6j75zZ3MrGTfp4,CEX,bybit,EQAUbrMMxr7lVdNnZJIoWCatWNcgquPNhu6j75zZ3MrGTfp4
https://tonviewer.com/EQAakaxdtFlKUvA-ZJbjs2f1RW0ydBzGcbj0EoxwFgj4R-j2,CEX,bybit,EQAakaxdtFlKUvA-ZJbjs2f1RW0ydBzGcbj0EoxwFgj4R-j2
https://tonviewer.com/EQAoaAhEIhCRLy_jHKoM_xaNjtaMuposjT1ZrAZ7BghylnTx,CEX,bybit,EQAoaAhEIhCRLy_jHKoM_xaNjtaMuposjT1ZrAZ7BghylnTx
https://tonviewer.com/EQDCLQgsIixKS2iLv_imxRwAcpq8bEqRv73pmnSC4QTN3ULh,CEX,bybit,EQDCLQgsIixKS2iLv_imxRwAcpq8bEqRv73pmnSC4QTN3ULh
https://tonviewer.com/EQBrqaiJe7EHqkmkMSbhEa__0ZeerQnDnv0i1v1PkePlcrxT,CEX,bybit,EQBrqaiJe7EHqkmkMSbhEa__0ZeerQnDnv0i1v1PkePlcrxT
https://tonviewer.com/EQAm5YIy8YPzwC_PMBvqSsgScmknIR8sfG3VtL71IMf_UrHv,CEX,bybit,EQAm5YIy8YPzwC_PMBvqSsgScmknIR8sfG3VtL71IMf_UrHv
https://tonviewer.com/EQB9Ez1OQlyOAN4BVROkTmbm0WOyHnFyCux1eZZeXeKMVV6_,CEX,bybit,EQB9Ez1OQlyOAN4BVROkTmbm0WOyHnFyCux1eZZeXeKMVV6_
https://tonviewer.com/EQBKHCC8mm-SlPdfHIen84OotzpIOi5tyzYw3b54s8ytANhS,CEX,bybit,EQBKHCC8mm-SlPdfHIen84OotzpIOi5tyzYw3b54s8ytANhS
https://tonviewer.com/EQDy3BhgaGzWWJh-K-2CFlMtjABEYNreqQfMfUrXI2xJa81w,CEX,bybit,EQDy3BhgaGzWWJh-K-2CFlMtjABEYNreqQfMfUrXI2xJa81w
https://tonviewer.com/EQD3SDNGzAXm6W6f9nRpmviVX8g5IVOUuLRA1fpTh-LBjEIn,CEX,bybit,EQD3SDNGzAXm6W6f9nRpmviVX8g5IVOUuLRA1fpTh-LBjEIn
https://tonviewer.com/EQDPfqI17W9lF-3OmAJu92GOn22BoTMdTmW6cY4s0V-ArRRY,CEX,bybit,EQDPfqI17W9lF-3OmAJu92GOn22BoTMdTmW6cY4s0V-ArRRY
https://tonviewer.com/EQCtkG75GbHcDwN_ArpAkzD1Q-k0ou6goCzpBWnZP4ZjLfoA,CEX,bybit,EQCtkG75GbHcDwN_ArpAkzD1Q-k0ou6goCzpBWnZP4ZjLfoA
https://tonviewer.com/EQDL3cHsaI-70AIpXU7yvpBLj0qw1ip2z3V9zMfZV1WpXIk0,CEX,bybit,EQDL3cHsaI-70AIpXU7yvpBLj0qw1ip2z3V9zMfZV1WpXIk0
https://tonviewer.com/EQCS0u65GMxYKd4XGJhfhju1zt_PYD_nBdPTfSffvQ__Fh7A,CEX,bybit,EQCS0u65GMxYKd4XGJhfhju1zt_PYD_nBdPTfSffvQ__Fh7A
https://tonviewer.com/EQC90NgG5ixY7Ol3SDRQhAEZRvBUUI6dYsWfnfFXw9f3_Ij0,CEX,bybit,EQC90NgG5ixY7Ol3SDRQhAEZRvBUUI6dYsWfnfFXw9f3_Ij0
https://tonviewer.com/EQAczVhQDxArFToz2CCd8sO4NlnCIfyVFiQLsCT6lygYrwCY,CEX,bybit,EQAczVhQDxArFToz2CCd8sO4NlnCIfyVFiQLsCT6lygYrwCY
https://tonviewer.com/EQCTTadEYfaUNSyOBy9WXL4SZONkbj0gUg-YQiJrTAang7PB,CEX,excoino,EQCTTadEYfaUNSyOBy9WXL4SZONkbj0gUg-YQiJrTAang7PB
https://tonviewer.com/EQAigd8MjqsJejMuIB0UPhErOlGe22dezkpjvpWt9kOrtkG8,CEX,whitebit,EQAigd8MjqsJejMuIB0UPhErOlGe22dezkpjvpWt9kOrtkG8
https://tonviewer.com/EQAaBt63Ciw74awysnWRiJEqzcA0d_Jt_TdS_tICAbOvUCRS,CEX,toobit,EQAaBt63Ciw74awysnWRiJEqzcA0d_Jt_TdS_tICAbOvUCRS
https://tonviewer.com/EQAbhMWosoxeoXTJi9Tlw09MEjPVvdJe9j0nC6K6ro0d1oL-,CEX,gate.io,EQAbhMWosoxeoXTJi9Tlw09MEjPVvdJe9j0nC6K6ro0d1oL-
https://tonviewer.com/EQCGZhko0amk3vYUGxrVvyyEbgmkmQH2eTnOInVbJlvam2lT,CEX,bingx,EQCGZhko0amk3vYUGxrVvyyEbgmkmQH2eTnOInVbJlvam2lT
https://tonviewer.com/EQA7Gy_WcoAeBQX2cLZoyK0UggR6uJi2F_bVfjpupbMemN3O,CEX,bingx,EQA7Gy_WcoAeBQX2cLZoyK0UggR6uJi2F_bVfjpupbMemN3O
https://tonviewer.com/EQCf5Vv1OqJOU6e99JYdYwRhEKn5GqzuLEKzJKEC92zwgNm3,CEX,bingx,EQCf5Vv1OqJOU6e99JYdYwRhEKn5GqzuLEKzJKEC92zwgNm3
https://tonviewer.com/EQB0PZcC1m2DSV8z8IiRok4WXqCnky2WdU8sF59EN4PCpPCh,CEX,bingx,EQB0PZcC1m2DSV8z8IiRok4WXqCnky2WdU8sF59EN4PCpPCh
https://tonviewer.com/EQAYXrXJuTlD0qE9tVaxVxu24a02Zy62U2Gz8txKWySilSez,CEX,bingx,EQAYXrXJuTlD0qE9tVaxVxu24a02Zy62U2Gz8txKWySilSez
https://tonviewer.com/EQBFmHGBV9b-StaWQ8g1DmydUEZWkidiBLI5ea9aonrcirp2,CEX,bingx,EQBFmHGBV9b-StaWQ8g1DmydUEZWkidiBLI5ea9aonrcirp2
https://tonviewer.com/EQCCfz8S-OchSTsD189oBfK3NY_gSOXbs6sqyAYIX4SeDmwG,CEX,ramzinex,EQCCfz8S-OchSTsD189oBfK3NY_gSOXbs6sqyAYIX4SeDmwG
https://tonviewer.com/EQALNg_rFGuNZRbrDpP2ZdqABigEEr3Vsj0e79GhhJnmef7i,CEX,ramzinex,EQALNg_rFGuNZRbrDpP2ZdqABigEEr3Vsj0e79GhhJnmef7i
https://tonviewer.com/EQALSxlN7dGi5xVUl4noPYm_gnbZ0egkeYq7Vr3a6oloxdJT,CEX,nobitex,EQALSxlN7dGi5xVUl4noPYm_gnbZ0egkeYq7Vr3a6oloxdJT
https://tonviewer.com/EQC1DGum26DLyYKk7PCz0oi8H0_sWkDq6gXIvGV3GNJceEAb,CEX,huobi,EQC1DGum26DLyYKk7PCz0oi8H0_sWkDq6gXIvGV3GNJceEAb
https://tonviewer.com/EQDACiC4_Bi3Z3m_ulZ7gh6hAHGNAEiUTuDg5aaeJ93nI8pg,CEX,fiwind,EQDACiC4_Bi3Z3m_ulZ7gh6hAHGNAEiUTuDg5aaeJ93nI8pg
https://tonviewer.com/EQDZqQ2_NvkcwXBGqRLGfL-93J0Y_rwHlFU6QjPBEvjmykL8,CEX,fiwind,EQDZqQ2_NvkcwXBGqRLGfL-93J0Y_rwHlFU6QjPBEvjmykL8
https://tonviewer.com/EQCLBw7bAacA8_akYkx-CG4DbahgYOuwTxmQjuYaNTczXzU3,CEX,hitbtc,EQCLBw7bAacA8_akYkx-CG4DbahgYOuwTxmQjuYaNTczXzU3
https://tonviewer.com/EQALsnT-BEAc-4QcrqeG5SGoQc31Uw5TiklfB3zqm-Adngsv,CEX,hitbtc,EQALsnT-BEAc-4QcrqeG5SGoQc31Uw5TiklfB3zqm-Adngsv
https://tonviewer.com/EQCCO7sQpwFn8EDnGemVluyTA2znv6PFwEvi4NdYNHSbi8Zy,CEX,coinex,EQCCO7sQpwFn8EDnGemVluyTA2znv6PFwEvi4NdYNHSbi8Zy
https://tonviewer.com/EQAU3ksCZHlBd5EIt7mb6FWWJgzN6BM1EAAFXXRN2KugTMvg,CEX,coinex,EQAU3ksCZHlBd5EIt7mb6FWWJgzN6BM1EAAFXXRN2KugTMvg
https://tonviewer.com/EQADtLHVdN-K9PdPJMWQ1whbk8A2MbtqIbVOBzCy6agP9DoU,CEX,coinex,EQADtLHVdN-K9PdPJMWQ1whbk8A2MbtqIbVOBzCy6agP9DoU
https://tonviewer.com/EQAOFVD6NvK-2_Oe9RZO1Q-g7r1UdHO7l3rerFqG9uJwG_id,CEX,kucoin,EQAOFVD6NvK-2_Oe9RZO1Q-g7r1UdHO7l3rerFqG9uJwG_id
https://tonviewer.com/EQCIjq_nM67Yg2NOzUO6_M-U4VyY4kOUVl0Bt3MiPEEgeYOS,CEX,kucoin,EQCIjq_nM67Yg2NOzUO6_M-U4VyY4kOUVl0Bt3MiPEEgeYOS
https://tonviewer.com/EQBQdl9SYUJPRwmAbtsYsS2mkgVTCt_V-YHqT-FV60ODr5R-,CEX,kucoin,EQBQdl9SYUJPRwmAbtsYsS2mkgVTCt_V-YHqT-FV60ODr5R-
https://tonviewer.com/EQC9N5BK-44oeyiwhC0q4apnRrTswnXDhTETbhhgLALvXUIu,CEX,kucoin,EQC9N5BK-44oeyiwhC0q4apnRrTswnXDhTETbhhgLALvXUIu
https://tonviewer.com/EQAIboOe0Q8hOTSLd2dosjcp0sRPKUyev24zKL5j4t2zdUh7,CEX,kucoin,EQAIboOe0Q8hOTSLd2dosjcp0sRPKUyev24zKL5j4t2zdUh7
https://tonviewer.com/EQBzACE3K2aEM-t07gWqwWm1QGPD2MPSeo1ZQsKn6yzhW-wx,CEX,kucoin,EQBzACE3K2aEM-t07gWqwWm1QGPD2MPSeo1ZQsKn6yzhW-wx
https://tonviewer.com/EQAu9AtAct-rFOMumbUh3zLaE9FQMnmYWRi0C--7UIODe4mJ,CEX,kucoin,EQAu9AtAct-rFOMumbUh3zLaE9FQMnmYWRi0C--7UIODe4mJ
https://tonviewer.com/EQBvU8pjfThN23s-OOEZXXre2PeNBsvJbnlZ3RaczBZRNSyg,CEX,kucoin,EQBvU8pjfThN23s-OOEZXXre2PeNBsvJbnlZ3RaczBZRNSyg
https://tonviewer.com/EQD6_ynJFOsM1qwy1j_oeqD-ISboE-Lk4rr49dZ4CfvwFosp,CEX,kucoin,EQD6_ynJFOsM1qwy1j_oeqD-ISboE-Lk4rr49dZ4CfvwFosp
https://tonviewer.com/EQBPyemREQAlSxBJdWArlJCXtjzcOPBnKiwWz8sw9_8L_1Ee,CEX,kucoin,EQBPyemREQAlSxBJdWArlJCXtjzcOPBnKiwWz8sw9_8L_1Ee
https://tonviewer.com/EQDNH6P8W4f68LRScjwuqhee5SgP9btMzoESFu8ewzRuDVCt,CEX,kucoin,EQDNH6P8W4f68LRScjwuqhee5SgP9btMzoESFu8ewzRuDVCt
https://tonviewer.com/EQCFFCKVa1zFxPK7G6wvT85RkExkRSj-O_mBm9uaRpVxZf8E,CEX,kucoin,EQCFFCKVa1zFxPK7G6wvT85RkExkRSj-O_mBm9uaRpVxZf8E
https://tonviewer.com/EQDts21W-HlG_4De-hV_4UH3R8g4Mh4ElGuNmIY_du-7ubEe,CEX,kucoin,EQDts21W-HlG_4De-hV_4UH3R8g4Mh4ElGuNmIY_du-7ubEe
https://tonviewer.com/EQATx1sxm1gf9RLtsoZcnTrCDRmcMeWU3WQ2vulZDNBLFWNk,CEX,kucoin,EQATx1sxm1gf9RLtsoZcnTrCDRmcMeWU3WQ2vulZDNBLFWNk
https://tonviewer.com/EQABQjfbE3UN82L0DyxNjHJCkfz0qhamCQGRViklx1_EphOe,DEX,memeslab,EQABQjfbE3UN82L0DyxNjHJCkfz0qhamCQGRViklx1_EphOe
https://tonviewer.com/EQAt_o90D8IRU1ynMNZjzaXUF3KnZC6sOncB_TPi9_iwTPpL,DEX,memeslab,EQAt_o90D8IRU1ynMNZjzaXUF3KnZC6sOncB_TPi9_iwTPpL
https://tonviewer.com/EQDa4VOnTYlLvDJ0gZjNYm5PXfSmmtL6Vs6A_CZEtXCNICq_,DEX,dedust,EQDa4VOnTYlLvDJ0gZjNYm5PXfSmmtL6Vs6A_CZEtXCNICq_
https://tonviewer.com/EQAYqo4u7VF0fa4DPAebk4g9lBytj2VFny7pzXR0trjtXQaO,DEX,dedust,EQAYqo4u7VF0fa4DPAebk4g9lBytj2VFny7pzXR0trjtXQaO
https://tonviewer.com/EQA11HErC5dJpSHVa9Sk5xGLRCn1It6t-XbsuNjsxMW1qCxS,DEX,dedust,EQA11HErC5dJpSHVa9Sk5xGLRCn1It6t-XbsuNjsxMW1qCxS
https://tonviewer.com/EQBmcjRa8-KweRMrcmyf0KTnlirhaE4RRNYYdEY_XZiIlmg9,DEX,dedust,EQBmcjRa8-KweRMrcmyf0KTnlirhaE4RRNYYdEY_XZiIlmg9
https://tonviewer.com/EQDZ4yPwODeNi22_Qjqx9HKkM5SvBX4qHBT0l19VPqBuzm0u,DEX,dedust,EQDZ4yPwODeNi22_Qjqx9HKkM5SvBX4qHBT0l19VPqBuzm0u
https://tonviewer.com/EQAyVjuooCisEgYSIihrrIvMVDLESv4KWw3x3mB2V2xRS3gx,DEX,dedust,EQAyVjuooCisEgYSIihrrIvMVDLESv4KWw3x3mB2V2xRS3gx
https://tonviewer.com/EQA7_udkPzrx4FwrrEwlZ9jk5OrQBMJZO1MOGxHJxJGsIaLZ,DEX,dedust,EQA7_udkPzrx4FwrrEwlZ9jk5OrQBMJZO1MOGxHJxJGsIaLZ
https://tonviewer.com/EQCXLa2eZNFnvlGx-cpCywps7AcUoowkqCqDS9aNErm_Y3di,DEX,dedust,EQCXLa2eZNFnvlGx-cpCywps7AcUoowkqCqDS9aNErm_Y3di
https://tonviewer.com/EQCjymacnemdUJjV1CbWAzVpxfAyuGCsT8hAN5AVHLnm1lt-,DEX,dedust,EQCjymacnemdUJjV1CbWAzVpxfAyuGCsT8hAN5AVHLnm1lt-
https://tonviewer.com/EQACpR7Dc3393EVHkZ-7pg7zZMB5j7DAh2NNteRzK2wPGqk1,DEX,dedust,EQACpR7Dc3393EVHkZ-7pg7zZMB5j7DAh2NNteRzK2wPGqk1
https://tonviewer.com/EQAf4BMoiqPf0U2ADoNiEatTemiw3UXkt5H90aQpeSKC2l7f,DEX,dedust,EQAf4BMoiqPf0U2ADoNiEatTemiw3UXkt5H90aQpeSKC2l7f
https://tonviewer.com/EQAJxbmwhwJw-FomFlt1RYukdeTltiCmWlsurQsQMRJhZfdB,DEX,dedust,EQAJxbmwhwJw-FomFlt1RYukdeTltiCmWlsurQsQMRJhZfdB
https://tonviewer.com/EQBNZB91JJX9Ub7KMEAUoQNVcQlCsob5e_WMFbvsML_UoAKD,DEX,dedust,EQBNZB91JJX9Ub7KMEAUoQNVcQlCsob5e_WMFbvsML_UoAKD
https://tonviewer.com/EQDK7GXQoAL5so_kUhe-pjl7GqXM2S_-rJcnEOPXIvjRu5Ii,DEX,dedust,EQDK7GXQoAL5so_kUhe-pjl7GqXM2S_-rJcnEOPXIvjRu5Ii
https://tonviewer.com/EQDW-gU5pQNs6vJkUPO5_x7aWy7Lwk_HTH1kXNKH8aLPCE1H,DEX,dedust,EQDW-gU5pQNs6vJkUPO5_x7aWy7Lwk_HTH1kXNKH8aLPCE1H
https://tonviewer.com/EQAx1McP8Fq1_gg2q2Le0l0GnnAgmMyeyZ6gzK7nmPHI_C02,DEX,dedust,EQAx1McP8Fq1_gg2q2Le0l0GnnAgmMyeyZ6gzK7nmPHI_C02
https://tonviewer.com/EQAn5x8wS2nNKiEX6pNmVlN3NnoGz8CEt_9CnNvfxHrTPQHI,DEX,dedust,EQAn5x8wS2nNKiEX6pNmVlN3NnoGz8CEt_9CnNvfxHrTPQHI
https://tonviewer.com/EQCNTO0Nh0Z7QNyRW1BLWfk08f2dAOw4izrx9sO6OUPg4GfQ,DEX,swap.coffee,EQCNTO0Nh0Z7QNyRW1BLWfk08f2dAOw4izrx9sO6OUPg4GfQ
https://tonviewer.com/EQBgUbOnsUOmsRyT84KqRcuvjgnQ_-n49BydnAODaXEM-fJo,DEX,apeday,EQBgUbOnsUOmsRyT84KqRcuvjgnQ_-n49BydnAODaXEM-fJo
https://tonviewer.com/EQB9dkebVeE-_jeof3lZVtC3jgNJAGCjXo0U8wpQfHLLJVO9,DEX,apeday,EQB9dkebVeE-_jeof3lZVtC3jgNJAGCjXo0U8wpQfHLLJVO9
https://tonviewer.com/EQCf3ihQ7JM6qw4VYs-bpHLdb8AwEJ5Vjk_GKCHghryWH2zb,DEX,ton.fun,EQCf3ihQ7JM6qw4VYs-bpHLdb8AwEJ5Vjk_GKCHghryWH2zb
https://tonviewer.com/EQAleeqJ5oWDWSIAwfS6eSKVx9u3vLpHTJ_piqn1s8yeYY-5,DEX,ton.fun,EQAleeqJ5oWDWSIAwfS6eSKVx9u3vLpHTJ_piqn1s8yeYY-5
https://tonviewer.com/EQC93yQtbGtWWvwErnCVhiV6URME11qO5HO4WVlIKGoZfOpd,DEX,ton.fun,EQC93yQtbGtWWvwErnCVhiV6URME11qO5HO4WVlIKGoZfOpd
https://tonviewer.com/EQB2OpR9gqb6lmiinABLjt1ZDGjHV6XO9S-DqzEv2OKIMhjt,DEX,stormtrade,EQB2OpR9gqb6lmiinABLjt1ZDGjHV6XO9S-DqzEv2OKIMhjt
https://tonviewer.com/EQDpJnZP89Jyxz3euDaXXFUhwCWtaOeRmiUJTi3jGYgF8fnj,DEX,stormtrade,EQDpJnZP89Jyxz3euDaXXFUhwCWtaOeRmiUJTi3jGYgF8fnj
https://tonviewer.com/EQAG8_BzwlWkmqb9zImr9RJjjgZZCLMOQXP9PR0B1PYHvfSS,DEX,stormtrade,EQAG8_BzwlWkmqb9zImr9RJjjgZZCLMOQXP9PR0B1PYHvfSS
https://tonviewer.com/EQAz6ehNfL7_8NI7OVh1Qg46HsuC4kFpK-icfqK9J3Frd6CJ,DEX,stormtrade,EQAz6ehNfL7_8NI7OVh1Qg46HsuC4kFpK-icfqK9J3Frd6CJ
https://tonviewer.com/EQDaC-uD4Q0GkTnG9lXqPb5HKgyUhlzcQVJOHJDnDyVNUdik,DEX,stormtrade,EQDaC-uD4Q0GkTnG9lXqPb5HKgyUhlzcQVJOHJDnDyVNUdik
https://tonviewer.com/EQBQwk4uEjMlB54tkmVIuDQZSZivN3AT8ozcoa2ELqf2Im6U,DEX,stormtrade,EQBQwk4uEjMlB54tkmVIuDQZSZivN3AT8ozcoa2ELqf2Im6U
https://tonviewer.com/EQCHy0tkDV4XeRQc6w6Z1Keyb6oyy4zk4ha-kSOMyuwwWkrV,DEX,stormtrade,EQCHy0tkDV4XeRQc6w6Z1Keyb6oyy4zk4ha-kSOMyuwwWkrV
https://tonviewer.com/EQAR1cNVy6K6PV2f_kdrjVziJpWZUW7_HWQV9l4pE7YBSvrZ,DEX,stormtrade,EQAR1cNVy6K6PV2f_kdrjVziJpWZUW7_HWQV9l4pE7YBSvrZ
https://tonviewer.com/EQDeA8aTt-gxy5nNbbqsoXRQtBYj5ND7LLOrODdUsuZm_bWD,DEX,stormtrade,EQDeA8aTt-gxy5nNbbqsoXRQtBYj5ND7LLOrODdUsuZm_bWD
https://tonviewer.com/EQB5VL9_RUQ9XL9orLnuY93-6wz2BwbRzD_JIN_NfcE7ViPp,DEX,stormtrade,EQB5VL9_RUQ9XL9orLnuY93-6wz2BwbRzD_JIN_NfcE7ViPp
https://tonviewer.com/EQCUMYR27vkaMssciD9w99lZ7RUXcxGHJVD4mjz77VoxV-AX,DEX,stormtrade,EQCUMYR27vkaMssciD9w99lZ7RUXcxGHJVD4mjz77VoxV-AX
https://tonviewer.com/EQDw88zgGEso9FZ5p9pwjMxvFeRIcQinLOA0Z3gbUhS0Jp4H,DEX,stormtrade,EQDw88zgGEso9FZ5p9pwjMxvFeRIcQinLOA0Z3gbUhS0Jp4H
https://tonviewer.com/EQA82SxexxZ_zI60rQborUOBiAHicsGFWmyNE0HTKuQODs0r,DEX,stormtrade,EQA82SxexxZ_zI60rQborUOBiAHicsGFWmyNE0HTKuQODs0r
https://tonviewer.com/EQD_EzjJ9u0fpMJkoZBSv_ZNEMitAoYo9SsuD0s1ehIifnnn,DEX,tradoor,EQD_EzjJ9u0fpMJkoZBSv_ZNEMitAoYo9SsuD0s1ehIifnnn
https://tonviewer.com/EQANNroxzBXXdt1Sm5kIcnNZcrDEzux3dB-e0zROSOGQhPdm,DEX,tradoor,EQANNroxzBXXdt1Sm5kIcnNZcrDEzux3dB-e0zROSOGQhPdm
https://tonviewer.com/EQAbMd53-_OCsQI60RTTg-GRUGNm1uFK-MYmRpkIHTojCWft,DEX,tradoor,EQAbMd53-_OCsQI60RTTg-GRUGNm1uFK-MYmRpkIHTojCWft
https://tonviewer.com/EQCiz74FCV2lYlvFPEYhL3Jql8WwIO7QvbvYT-LQH0SmtCgI,DEX,ston.fi,EQCiz74FCV2lYlvFPEYhL3Jql8WwIO7QvbvYT-LQH0SmtCgI
https://tonviewer.com/EQAQYbnb1EGK0Wb8mk3vEW4vbHTyv7cOcfJlPWQ87_6_qfzR,DEX,ston.fi,EQAQYbnb1EGK0Wb8mk3vEW4vbHTyv7cOcfJlPWQ87_6_qfzR
https://tonviewer.com/EQCS4UEa5UaJLzOyyKieqQOQ2P9M-7kXpkO5HnP3Bv250cN3,DEX,ston.fi,EQCS4UEa5UaJLzOyyKieqQOQ2P9M-7kXpkO5HnP3Bv250cN3
https://tonviewer.com/EQAyD7O8CvVdR8AEJcr96fHI1ifFq21S8QMt1czi5IfJPyfA,DEX,ston.fi,EQAyD7O8CvVdR8AEJcr96fHI1ifFq21S8QMt1czi5IfJPyfA
https://tonviewer.com/EQDh5oHPvfRwPu2bORBGCoLEO4WQZKL4fk5DD1gydeNG9oEH,DEX,ston.fi,EQDh5oHPvfRwPu2bORBGCoLEO4WQZKL4fk5DD1gydeNG9oEH
https://tonviewer.com/EQBCtlN7Zy96qx-3yH0Yi4V0SNtQ-8RbhYaNs65MC4Hwfq31,DEX,ston.fi,EQBCtlN7Zy96qx-3yH0Yi4V0SNtQ-8RbhYaNs65MC4Hwfq31
https://tonviewer.com/EQBQ_UBQvR9ryUjKDwijtoiyyga2Wl-yJm6Y8gl0k-HDh_5x,DEX,ston.fi,EQBQ_UBQvR9ryUjKDwijtoiyyga2Wl-yJm6Y8gl0k-HDh_5x
https://tonviewer.com/EQADEFMTMnC-gu5v2U0ZY8AYaGhAOk9TcECg1TOquAW3r-IE,DEX,ston.fi,EQADEFMTMnC-gu5v2U0ZY8AYaGhAOk9TcECg1TOquAW3r-IE
https://tonviewer.com/EQAiv3IuxYA6ZGEunOgZSTuMBzbpjwRbWw09-WsE-iqKKMrK,DEX,ston.fi,EQAiv3IuxYA6ZGEunOgZSTuMBzbpjwRbWw09-WsE-iqKKMrK
https://tonviewer.com/EQCDT9dCT52pdfsLNW0e6qP5T3cgq7M4Ug72zkGYgP17tsWD,DEX,ston.fi,EQCDT9dCT52pdfsLNW0e6qP5T3cgq7M4Ug72zkGYgP17tsWD
https://tonviewer.com/EQCx0HDJ_DxLxDSQyfsEqHI8Rs65nygvdmeD9Ra7rY15OWN8,DEX,ston.fi,EQCx0HDJ_DxLxDSQyfsEqHI8Rs65nygvdmeD9Ra7rY15OWN8
https://tonviewer.com/EQBigMnbY4NU1uwdvzertV5mv_yI7282R-ffW7XZFWPEVRDG,DEX,ston.fi,EQBigMnbY4NU1uwdvzertV5mv_yI7282R-ffW7XZFWPEVRDG
https://tonviewer.com/EQDx--jUU9PUtHltPYZX7wdzIi0SPY3KZ8nvOs0iZvQJd6Ql,DEX,ston.fi,EQDx--jUU9PUtHltPYZX7wdzIi0SPY3KZ8nvOs0iZvQJd6Ql
https://tonviewer.com/EQDQ6j53q21HuZtw6oclm7z4LU2cG6S2OKvpSSMH548d7kJT,DEX,ston.fi,EQDQ6j53q21HuZtw6oclm7z4LU2cG6S2OKvpSSMH548d7kJT
https://tonviewer.com/EQByADL5Ra2dldrMSBctgfSm2X2W1P61NVW2RYDb8eJNJGx6,DEX,ston.fi,EQByADL5Ra2dldrMSBctgfSm2X2W1P61NVW2RYDb8eJNJGx6
https://tonviewer.com/EQDAPye7HAPAAl4WXpz5jOCdhf2H9h9QkkzRQ-6K5usiuQeC,DEX,ston.fi,EQDAPye7HAPAAl4WXpz5jOCdhf2H9h9QkkzRQ-6K5usiuQeC
https://tonviewer.com/EQCiypoBWNIEPlarBp04UePyEj5zH0ZDHxuRNqJ1WQx3FCY-,DEX,ston.fi,EQCiypoBWNIEPlarBp04UePyEj5zH0ZDHxuRNqJ1WQx3FCY-
https://tonviewer.com/EQBPqY2Q4od1iFTxA2JhtGiFzdnbG_ASyJWbpjCVd0J7bn5r,DEX,ston.fi,EQBPqY2Q4od1iFTxA2JhtGiFzdnbG_ASyJWbpjCVd0J7bn5r
https://tonviewer.com/EQCGEXSavv0PNQvcJFnOqPvJ3YagpHbIYHBp6rdDsPWT9KYR,DEX,ston.fi,EQCGEXSavv0PNQvcJFnOqPvJ3YagpHbIYHBp6rdDsPWT9KYR
https://tonviewer.com/EQDgz3iwM9tDJSfOzuxmao_FF8-un-df6eaxBoaQFCiqL07H,DEX,ston.fi,EQDgz3iwM9tDJSfOzuxmao_FF8-un-df6eaxBoaQFCiqL07H
https://tonviewer.com/EQA9eTf3spzox4Qs9sfyg2CRUgAd3yAV9u86S4_tjeCHbmR6,DEX,ston.fi,EQA9eTf3spzox4Qs9sfyg2CRUgAd3yAV9u86S4_tjeCHbmR6
https://tonviewer.com/EQDwakQGvg9JnTusOPLvVYtDp6UgyPed0d7k4jKjs8WAu3q-,DEX,ston.fi,EQDwakQGvg9JnTusOPLvVYtDp6UgyPed0d7k4jKjs8WAu3q-
https://tonviewer.com/EQBBCdKRGI-kZhfTqhvRHvDIUzQ6d-FpIDpo5EPUoi9Yr3fz,DEX,ston.fi,EQBBCdKRGI-kZhfTqhvRHvDIUzQ6d-FpIDpo5EPUoi9Yr3fz
https://tonviewer.com/EQC9y2vjqLAKOHQZ5FWuDNPyyoXBDdUoOiX7ZvcXsKwaWqrs,DEX,ston.fi,EQC9y2vjqLAKOHQZ5FWuDNPyyoXBDdUoOiX7ZvcXsKwaWqrs
https://tonviewer.com/EQCjJcxwZhYzK22RF4eIugvD9-v0EmlmJ7BCpHkjFHhQu3fc,DEX,ston.fi,EQCjJcxwZhYzK22RF4eIugvD9-v0EmlmJ7BCpHkjFHhQu3fc
https://tonviewer.com/EQCUiH-LURIIpYjAdLTuzu2kCw0naan3tPuuk7OEC3HctWcS,DEX,ston.fi,EQCUiH-LURIIpYjAdLTuzu2kCw0naan3tPuuk7OEC3HctWcS
https://tonviewer.com/EQB3gVvC98Tuj1dM34rUUiOF20kjjuIqNfcM93LgTuUPoIPS,DEX,ston.fi,EQB3gVvC98Tuj1dM34rUUiOF20kjjuIqNfcM93LgTuUPoIPS
https://tonviewer.com/EQAjFOhDsr5zTYzCvHjrGxKnAttX_gp9lgH0eqb8snVpNTWs,DEX,ston.fi,EQAjFOhDsr5zTYzCvHjrGxKnAttX_gp9lgH0eqb8snVpNTWs
https://tonviewer.com/EQDA_n6ufjKNXRnI372Oflkvx96luQuYK61ylZtXHPhh13nI,DEX,ston.fi,EQDA_n6ufjKNXRnI372Oflkvx96luQuYK61ylZtXHPhh13nI
https://tonviewer.com/EQB36psQnydEd_OnjCic4yNeSR8NsMxxJ_49lzBgIW9qU8zB,DEX,ston.fi,EQB36psQnydEd_OnjCic4yNeSR8NsMxxJ_49lzBgIW9qU8zB
https://tonviewer.com/EQBno_j3eovi4kCK_ujHskrCvdBZIKFBT0ARpPgDdZNxMBW2,DEX,ston.fi,EQBno_j3eovi4kCK_ujHskrCvdBZIKFBT0ARpPgDdZNxMBW2
https://tonviewer.com/EQDqmJuN-jxh4nHEFG4X8lmhEMkz6VBHpqsfhmsPuKIhn0ee,DEX,ston.fi,EQDqmJuN-jxh4nHEFG4X8lmhEMkz6VBHpqsfhmsPuKIhn0ee
https://tonviewer.com/EQAdFOJX6eA_zI1CNhotaogorO3wYiD2uoM2Vx_t2MfjVqSX,DEX,ston.fi,EQAdFOJX6eA_zI1CNhotaogorO3wYiD2uoM2Vx_t2MfjVqSX
https://tonviewer.com/EQDyswfVhGlOue4_a9cAVuDSP0ldWP53jK2jL9qXfPWGhZP4,DEX,ston.fi,EQDyswfVhGlOue4_a9cAVuDSP0ldWP53jK2jL9qXfPWGhZP4
https://tonviewer.com/EQD4kLPeGsZyHcWw52lh9eEAopzHGmVWaXBclz6R_ZVINsQ2,DEX,ston.fi,EQD4kLPeGsZyHcWw52lh9eEAopzHGmVWaXBclz6R_ZVINsQ2
https://tonviewer.com/EQATQPeCwtMzQ9u54nTjUNcK4n_0VRSxPOOROLf_IE0OU3XK,DEX,ston.fi,EQATQPeCwtMzQ9u54nTjUNcK4n_0VRSxPOOROLf_IE0OU3XK
https://tonviewer.com/EQDktwuhKDeM8HESFx1wvAjOXUYLnuGobytF7BUyQF2t1UvH,DEX,ston.fi,EQDktwuhKDeM8HESFx1wvAjOXUYLnuGobytF7BUyQF2t1UvH
https://tonviewer.com/EQDZsV30R-YiBeZ-NyITRQW4-VtQBJlBN7OoyDvmdPD-f2Mh,DEX,ston.fi,EQDZsV30R-YiBeZ-NyITRQW4-VtQBJlBN7OoyDvmdPD-f2Mh
https://tonviewer.com/EQAseH6Spz17pxuYELwO5Qx3X7SFKNzyp9DkNyuAJyaWDhre,DEX,ston.fi,EQAseH6Spz17pxuYELwO5Qx3X7SFKNzyp9DkNyuAJyaWDhre
https://tonviewer.com/EQDkncuJ267Py3EmL2XAN7YsSNQMUu8u-GHsW9jVljcH8fr5,DEX,ston.fi,EQDkncuJ267Py3EmL2XAN7YsSNQMUu8u-GHsW9jVljcH8fr5
https://tonviewer.com/EQAJG5pyZPWEiQiMVJdf7bDRgRLzg6QR57qKeRsOrMO-ncZN,DEX,ston.fi,EQAJG5pyZPWEiQiMVJdf7bDRgRLzg6QR57qKeRsOrMO-ncZN
https://tonviewer.com/EQDR-4xEjo6h3y8BkSddLdYlpdlIwmM-zhq5p6A0klJlD6T0,DEX,ston.fi,EQDR-4xEjo6h3y8BkSddLdYlpdlIwmM-zhq5p6A0klJlD6T0
https://tonviewer.com/EQAiLV677BgHNXEUuDJ3Cw8K5WOiJSO86xh8YQq2LthJEoED,DEX,ston.fi,EQAiLV677BgHNXEUuDJ3Cw8K5WOiJSO86xh8YQq2LthJEoED
https://tonviewer.com/EQDTb1w1TCohFqnNcyPrrbbBJQdAwwPn8DbCoaSUd0S5T4fB,DEX,ston.fi,EQDTb1w1TCohFqnNcyPrrbbBJQdAwwPn8DbCoaSUd0S5T4fB
https://tonviewer.com/EQBSNX_5mSikBVttWhIaIb0f8jJU7fL6kvyyFVppd7dWRO6M,DEX,ston.fi,EQBSNX_5mSikBVttWhIaIb0f8jJU7fL6kvyyFVppd7dWRO6M
https://tonviewer.com/EQAz1D0ZUiG_9XCyjrJ1-xTx-CnmnQ3J3LMKQ7sZTr-XlNZP,DEX,ston.fi,EQAz1D0ZUiG_9XCyjrJ1-xTx-CnmnQ3J3LMKQ7sZTr-XlNZP
https://tonviewer.com/EQBqgCTdrtSod76UrcOeALSiLCp3WuNIFQBQvyjjlQMvwLkc,DEX,ston.fi,EQBqgCTdrtSod76UrcOeALSiLCp3WuNIFQBQvyjjlQMvwLkc
https://tonviewer.com/EQA929R1kwnYnKXl07XP8wcccML0nNJ-qW0BtfAJQmSulein,DEX,bigpump,EQA929R1kwnYnKXl07XP8wcccML0nNJ-qW0BtfAJQmSulein
https://tonviewer.com/EQCuQbRcxns-XPjNNz-_dEG0VIZumAmjE6LlRFv_uPUGuClz,DEX,bigpump,EQCuQbRcxns-XPjNNz-_dEG0VIZumAmjE6LlRFv_uPUGuClz
https://tonviewer.com/EQCrjJchSnVyvjOGi_n5BnW_aVqV2XNwyN5Iji62jf9gq7k7,DEX,bigpump,EQCrjJchSnVyvjOGi_n5BnW_aVqV2XNwyN5Iji62jf9gq7k7
https://tonviewer.com/EQBOB4Xhe8sMDr-hy__uy0664idEA5KPi0kHRMJ5Gmv3BIsW,DEX,tonco,EQBOB4Xhe8sMDr-hy__uy0664idEA5KPi0kHRMJ5Gmv3BIsW
https://tonviewer.com/EQBXZo11H4wUq3azWDphoUhlV710a-7rvUsqZUGLP9tUcf37,DEX,tonhedge,EQBXZo11H4wUq3azWDphoUhlV710a-7rvUsqZUGLP9tUcf37
https://tonviewer.com/EQDCcFymkr7vpSKJXMBSLDyojJXTIpjkJ1g-ZjGcIRCQ6gHc,DEX,blum,EQDCcFymkr7vpSKJXMBSLDyojJXTIpjkJ1g-ZjGcIRCQ6gHc
https://tonviewer.com/EQA9nNvUSLAebJxzhHv5sxMWK_RXrxk4MYXR39JMbqvrc040,DEX,blum,EQA9nNvUSLAebJxzhHv5sxMWK_RXrxk4MYXR39JMbqvrc040
https://tonviewer.com/EQBH8XOCAYnxMx_YeZENHcBrawu7S5fXgk1Vz48YjPw6OEEz,DEX,blum,EQBH8XOCAYnxMx_YeZENHcBrawu7S5fXgk1Vz48YjPw6OEEz
https://tonviewer.com/EQCCR3ChGA_4qY9s9HjASX7OmBaAFHZi8_lkqlkDl6R8FPvW,DEX,blum,EQCCR3ChGA_4qY9s9HjASX7OmBaAFHZi8_lkqlkDl6R8FPvW
https://tonviewer.com/EQBdyhUFxfqSHPvr38VOK9Wvo3ZE7Ih-MoAEhx2sEPqrb4Fv,DEX,blum,EQBdyhUFxfqSHPvr38VOK9Wvo3ZE7Ih-MoAEhx2sEPqrb4Fv
https://tonviewer.com/EQDZYbfuTPzuPotoGCMKmdQF4f_N-k_JPxSG4-oQYWKlggNE,DEX,blum,EQDZYbfuTPzuPotoGCMKmdQF4f_N-k_JPxSG4-oQYWKlggNE
https://tonviewer.com/EQBuJMg0i9JhFogU81BHmYvEEkQdg84HRC9R-2V9gK1E03cv,DEX,gaspump,EQBuJMg0i9JhFogU81BHmYvEEkQdg84HRC9R-2V9gK1E03cv
https://tonviewer.com/EQDM09e4e5kK0CB2vaHsmOmJtRRN-8fn-GUxNLDTjES-oJA2,DEX,gaspump,EQDM09e4e5kK0CB2vaHsmOmJtRRN-8fn-GUxNLDTjES-oJA2
https://tonviewer.com/EQBK1ySbGO0rzZbv5vjj0N7c3z0XZ4-Pqu4uXDBe82GFZAjm,DEX,wagmi,EQBK1ySbGO0rzZbv5vjj0N7c3z0XZ4-Pqu4uXDBe82GFZAjm
